<?xml version="1.0" encoding="UTF-8"?>
<jcr:root xmlns:cq="http://www.day.com/jcr/cq/1.0" xmlns:jcr="http://www.jcp.org/jcr/1.0"
    jcr:primaryType="cq:TabPanel"
    activeTab="0"
    helpPath="en/cq/current/wcm/default_components.html#Text Image"
    xtype="tabpanel">
    <items jcr:primaryType="cq:WidgetCollection">
        <tab1
            jcr:primaryType="cq:Widget"
            anchor="100%"
            title="Text"
            xtype="panel">
            <items jcr:primaryType="cq:WidgetCollection">
                <text
                    jcr:primaryType="cq:Widget"
                    hideLabel="{Boolean}true"
                    name="./text"
                    xtype="richtext"/>
                <richFlag
                    jcr:primaryType="cq:Widget"
                    ignoreData="{Boolean}true"
                    name="./textIsRich"
                    value="true"
                    xtype="hidden"/>
            </items>
        </tab1>
        <tab2
            jcr:primaryType="cq:Widget"
            cropParameter="./image/imageCrop"
            ddGroups="[media]"
            fileNameParameter="./image/fileName"
            fileReferenceParameter="./image/fileReference"
            mapParameter="./image/imageMap"
            name="./image/file"
            requestSuffix="/image.img.png"
            rotateParameter="./image/imageRotate"
            sizeLimit="100"
            title="Image"
            xtype="html5smartimage"/>
        <tab3
            jcr:primaryType="cq:Widget"
            title="Advanced Image Properties"
            xtype="panel">
            <items jcr:primaryType="cq:WidgetCollection">
                <title
                    jcr:primaryType="cq:Widget"
                    fieldLabel="Title"
                    name="./image/jcr:title"
                    xtype="textfield"/>
                <alt
                    jcr:primaryType="cq:Widget"
                    fieldDescription="(leave empty to use the title defined above)"
                    fieldLabel="Alt Text"
                    name="./image/alt"
                    xtype="textfield"/>
                <linkURL
                    jcr:primaryType="cq:Widget"
                    fieldDescription="Drop files or pages from the Content Finder"
                    fieldLabel="Link to"
                    name="./image/linkURL"
                    xtype="pathfield"/>
                <description
                    jcr:primaryType="cq:Widget"
                    fieldLabel="Description"
                    name="./image/jcr:description"
                    xtype="textarea"/>
                <size
                    jcr:primaryType="cq:Widget"
                    fieldLabel="Size"
                    heightParameter="./image/height"
                    widthParameter="./image/width"
                    xtype="sizefield"/>
                <cssClass
                    jcr:primaryType="cq:Widget"
                    allowBlank="{Boolean}true"
                    fieldLabel="Style"
                    name="./cq:cssClass"
                    newStylePath="textimage/image_styles"
                    optionsProvider="CQ.utils.WCM.getStyleOptions"
                    stylePath="image_styles"
                    type="select"
                    xtype="selection"/>
                <resType
                    jcr:primaryType="cq:Widget"
                    ignoreData="{Boolean}true"
                    name="./image/sling:resourceType"
                    value="foundation/components/image"
                    xtype="hidden"/>
            </items>
        </tab3>
    </items>
</jcr:root>
